email, senha
0.18917338435131617@mail.com0.1970421854581649user
0.44617742418279366@mail.com0.27376141216738586user
0.3103169069858607@mail.com0.8861972204415132user
0.6800093082465615@mail.com0.6337337188920711user
0.06793546572186691@mail.com0.42969221619619624user  
0.9140680321904934@mail.com0.4913951529897211user
0.03234148731255365@mail.com0.4303858223006896user 
0.7819646682452167@mail.com0.3103371652440867user 
0.40598613104072584@mail.com0.7645072792176879user  
0.9166429811267672@mail.com0.24709210704339782user  
0.1455174874026223@mail.com0.22507801799610563user  
0.19818584733463857@mail.com0.6701762758556211user 
0.8373921875402764@mail.com0.7064488647049858user  
0.27924694808659695@mail.com0.18582358174133343user  
0.3254006483478117@mail.com0.3980128356303786user  
0.9170340947720742@mail.com0.4414394337060064user  
0.5831993587098854@mail.com0.21475297180232655user  
0.3389202933098276@mail.com0.22572726567658724user  
0.7063445358059808@mail.com0.47004286775905924user  
0.17018607191704324@mail.com0.7160734721280322user  
0.27212534060015503@mail.com0.2867063225738084user  